[
  {
    "id": "94ccf9ee-0908-46ed-ae6e-e512642894e7",
    "username": "kok",
    "password": "\u003c\u003cC\u003c::?-Kl",
    "email": "kok@gmail.com",
    "phoneNumber": "01111111111",
    "country": "koo"
  },
  {
    "id": "c087b020-99cf-4a6b-a584-50a6257a921e",
    "username": "Abdo",
    "password": "\u003c\u003cC\u003c::?-KL",
    "email": "abdo@gmail.com",
    "phoneNumber": "01121111111",
    "country": "kok"
  },
  {
    "id": "0cc3986f-2a47-4e58-af63-5f5737274f99",
    "username": "hoda",
    "password": "\u003c\u003cC\u003c::?-Kl",
    "email": "hoda@gmail.com",
    "phoneNumber": "01157756931",
    "country": "kok",
    "income": [
      {
        "id": 1,
        "userId": "0cc3986f-2a47-4e58-af63-5f5737274f99",
        "source": "1",
        "date": "12/12/1212",
        "amount": 1.0,
        "isRecurring": false,
        "category": "1"
      }
    ]
  },
  {
    "id": "80cd3674-8c8e-4437-b741-321d4c790e5a",
    "username": "123",
    "password": "123456L",
    "email": "12@gy.co",
    "phoneNumber": "01275397858",
    "country": "123"
  },
  {
    "id": "1fbe6981-0695-4859-a9f6-cce1e45c9a9c",
    "username": "lolo",
    "password": ":;\u003cA?\u003dCAB?BK",
    "email": "loa@iioio.co",
    "phoneNumber": "01275397858",
    "country": "koko",
    "income": [
      {
        "id": 1,
        "userId": "1fbe6981-0695-4859-a9f6-cce1e45c9a9c",
        "source": "koko",
        "date": "05/05/2050",
        "amount": 123.0,
        "isRecurring": true,
        "category": "123"
      }
    ]
  },
  {
    "id": "04db3ef2-8613-432f-9124-b3b38371a126",
    "username": "koko",
    "password": "koko1A",
    "email": "loc@ko.vdc",
    "phoneNumber": "01275397858",
    "country": "baba"
  },
  {
    "id": "c3bfbdbc-6db6-421f-9fcf-bab5f1ee657e",
    "username": "o99",
    "password": "\u003c\u003cC\u003c::?-Kl",
    "email": "oo@gmail.com",
    "phoneNumber": "01111111111",
    "country": "lok"
  },
  {
    "id": "805628ce-5a85-4faa-8884-2697ef34cd9c",
    "username": "koko123",
    "password": ":;\u003cA?\u003dCAB?BK",
    "email": "lolo@koko.co",
    "phoneNumber": "01275397858",
    "country": "koko"
  },
  {
    "id": "e06cb40f-9987-426c-ae8d-2fe07979a516",
    "username": "loai_h",
    "password": "12345B",
    "email": "loai@hoss.abdo",
    "phoneNumber": "01275397858",
    "country": "koko",
    "income": [
      {
        "id": 1,
        "userId": "e06cb40f-9987-426c-ae8d-2fe07979a516",
        "source": "lo",
        "date": "12/12/2004",
        "amount": 13.0,
        "isRecurring": true,
        "category": "pl"
      },
      {
        "id": 2,
        "userId": "e06cb40f-9987-426c-ae8d-2fe07979a516",
        "source": "qw",
        "date": "12/12/2004",
        "amount": 55.0,
        "isRecurring": true,
        "category": "po"
      }
    ],
    "budget": [],
    "reminder": [
      {
        "UUID": "e06cb40f-9987-426c-ae8d-2fe07979a516",
        "id": 1,
        "title": "kokoko",
        "date": "05/04/2006",
        "description": "wawaw",
        "time": "11:30"
      }
    ],
    "expense": [
      {
        "id": 1,
        "userId": "e06cb40f-9987-426c-ae8d-2fe07979a516",
        "title": "op",
        "amount": 12.0,
        "category": "ki",
        "date": "12/12/1999",
        "isRecurring": false
      }
    ]
  },
  {
    "id": "c994a547-4b83-40b8-bf84-0027957fb3c5",
    "username": "Ahmed22",
    "password": "\u003c\u003cC\u003c::?-Kl",
    "email": "ahmed@gmail.com",
    "phoneNumber": "01157756931",
    "country": "egypt",
    "income": [
      {
        "id": 1,
        "userId": "c994a547-4b83-40b8-bf84-0027957fb3c5",
        "source": "ko",
        "date": "12/12/1212",
        "amount": 121.0,
        "isRecurring": false,
        "category": "21"
      }
    ],
    "expense": [
      {
        "id": 1,
        "userId": "c994a547-4b83-40b8-bf84-0027957fb3c5",
        "title": "ok",
        "amount": 12.0,
        "category": "ko",
        "date": "12/12/1212",
        "isRecurring": false
      }
    ]
  },
  {
    "id": "1ac357f9-f675-4b1d-9eee-d6f8f6fd1f31",
    "username": "loaih",
    "password": "ABC\u003e?@K",
    "email": "lol@koko.com",
    "phoneNumber": "01275397858",
    "country": "zimbabwe",
    "income": [
      {
        "id": 1,
        "userId": "1ac357f9-f675-4b1d-9eee-d6f8f6fd1f31",
        "source": "loai",
        "date": "05/08/2005",
        "amount": 456.0,
        "isRecurring": true,
        "category": "123"
      }
    ],
    "budget": [
      {
        "UUID": "1ac357f9-f675-4b1d-9eee-d6f8f6fd1f31",
        "id": 1,
        "title": "kkkk",
        "startDate": "08/08/2020",
        "endDate": "08/08/2020",
        "amount": 123.0,
        "category": "lplp"
      }
    ],
    "reminder": [
      {
        "UUID": "1ac357f9-f675-4b1d-9eee-d6f8f6fd1f31",
        "id": 1,
        "title": "321",
        "date": "05/05/0005",
        "description": "321",
        "time": "23:23"
      }
    ],
    "expense": [
      {
        "id": 1,
        "userId": "1ac357f9-f675-4b1d-9eee-d6f8f6fd1f31",
        "title": "321",
        "amount": 321.0,
        "category": "321",
        "date": "08/08/2006",
        "isRecurring": false
      }
    ]
  }
]